{"num_env_steps":10000,"avg_q_values":-0.7512058615684509,"avg_dqn_loss":82.66666412353516,"std_step_rew":11.150948524475098,"_step":10000,"_wandb":{"runtime":2},"_runtime":2.668777154,"avg_step_rew":-2.071075439453125,"epsilon":0.9805,"_timestamp":1.7826682209515305e+09}